Team,SOR,SOS,Offense,Defense,FPI,Game Control,Year,Ranking
Ohio State,1,2,1,3,1,1,2024,1
Notre Dame,3,4,9,2,3,4,2024,2
Oregon,2,19,3,21,8,5,2024,3
Texas,5,6,15,1,2,2,2024,4
Penn State,6,10,5,7,6,8,2024,5
Georgia,4,1,12,14,7,12,2024,6
Arizona State,14,39,6,30,21,19,2024,7
Boise St.,16,67,11,35,27,22,2024,8
Tennessee,9,16,27,4,9,11,2024,9
Indiana,8,35,4,20,10,6,2024,10
Ole Miss,13,37,8,5,5,3,2024,11
SMU,18,41,35,13,13,18,2024,12
BYU,7,44,31,18,25,14,2024,13
Clemson,25,28,7,28,14,10,2024,14
Iowa St.,15,42,32,44,26,49,2024,15
Illinois,11,30,26,62,42,34,2024,16
Alabama,17,20,20,6,4,7,2024,17
Miami,21,56,2,74,11,20,2024,18
South Carolina,19,21,48,9,15,9,2024,19
Syracuse,26,75,17,86,49,46,2024,20
Army,27,89,13,59,50,25,2024,21
Missouri,12,34,37,23,20,39,2024,22
UNLV,31,87,53,17,40,37,2024,23
Memphis,29,111,40,82,57,28,2024,24
Colorado,30,65,21,26,23,44,2024,25
Michigan,1,7,4,1,1,1,2023,1
Washington,2,1,6,30,12,3,2023,2
Texas,9,12,17,8,7,4,2023,3
Georgia,3,23,3,12,2,2,2023,4
Alabama,4,2,18,9,6,7,2023,5
Florida State,5,36,25,7,13,17,2023,6
Oregon,10,52,2,15,4,5,2023,7
Missouri,8,9,11,18,14,8,2023,8
Ole Miss,6,3,13,32,15,12,2023,9
Ohio State,7,5,12,3,3,6,2023,10
Arizona,16,57,16,37,20,23,2023,11
LSU,11,17,1,106,10,16,2023,12
Penn State,12,22,27,4,5,11,2023,13
Notre Dame,13,44,10,10,8,9,2023,14
Oklahoma,14,50,9,11,9,10,2023,15
Oklahoma State,17,26,39,50,39,51,2023,16
Tennessee,18,18,23,21,16,14,2023,17
Kansas State,19,35,14,24,11,13,2023,18
Louisville,21,47,34,20,23,21,2023,19
Clemson,22,48,69,2,19,15,2023,20
NC State,25,56,66,17,37,22,2023,21
SMU,29,81,35,16,22,24,2023,22
Kansas,24,43,7,60,28,18,2023,23
Iowa,20,19,127,5,46,40,2023,24
Liberty,15,98,8,95,54,26,2023,25
Georgia,1,8,2,2,1,1,2022,1
TCU,2,4,11,25,13,13,2022,2
Michigan,3,28,12,7,4,7,2022,3
Ohio State,6,15,1,21,3,2,2022,4
Alabama,4,9,5,5,2,3,2022,5
Tennessee,5,7,4,43,5,4,2022,6
Penn State,7,20,20,4,6,5,2022,7
Washington,9,60,6,63,20,14,2022,8
Tulane,10,65,28,29,25,23,2022,9
Utah,19,41,15,16,8,19,2022,10
Florida State,16,50,7,38,11,12,2022,11
USC,11,35,3,82,16,6,2022,12
Clemson,14,42,33,9,9,15,2022,13
Kansas State,12,11,23,18,12,8,2022,14
Oregon,13,23,9,37,14,11,2022,15
LSU,8,2,13,15,10,27,2022,16
Oregon State,17,52,36,10,19,16,2022,17
Notre Dame,20,33,43,28,17,18,2022,18
Troy,18,92,78,22,63,61,2022,19
Mississippi State,15,5,44,11,15,10,2022,20
UCLA,29,64,10,79,27,28,2022,21
Pittsburgh,24,62,70,19,30,22,2022,22
South Carolina,23,13,50,64,49,34,2022,23
Fresno State,43,83,48,48,57,52,2022,24
Texas,21,24,16,23,7,9,2022,25
Georgia,1,3,2,1,1,1,2021,1
Alabama,2,1,3,5,2,2,2021,2
Michigan,3,5,8,13,4,3,2021,3
Cincinnati,6,54,15,9,10,5,2021,4
Baylor,7,25,30,11,15,6,2021,5
Ohio State,8,27,1,43,3,4,2021,6
Oklahoma State,4,18,49,3,7,10,2021,7
Notre Dame,10,43,27,8,6,9,2021,8
Michigan State,5,13,16,21,19,19,2021,9
Oklahoma,9,40,4,39,5,16,2021,10
Ole Miss,12,19,18,35,18,8,2021,11
Utah,27,47,10,15,11,17,2021,12
Pittsburgh,21,57,25,12,12,13,2021,13
Clemson,13,16,78,4,8,12,2021,14
Wake Forest,15,45,9,62,22,11,2021,15
Louisiana,11,101,51,48,48,34,2021,16
Houston,17,78,55,20,37,27,2021,17
Kentucky,19,32,19,41,28,15,2021,18
BYU,25,70,6,81,40,21,2021,19
NC State,23,63,43,14,16,26,2021,20
Arkansas,14,2,24,23,21,20,2021,21
Oregon,20,8,20,40,30,23,2021,22
Iowa,16,23,96,7,32,33,2021,23
Utah State,32,107,54,73,74,86,2021,24
San Diego State,24,102,94,27,72,59,2021,25
Alabama,1,6,1,7,1,1,2020,1
Ohio State,2,15,2,17,2,3,2020,2
Clemson,6,20,9,2,3,4,2020,3
Texas A&M,3,12,12,19,8,8,2020,4
Notre Dame,4,8,11,22,7,12,2020,5
Oklahoma,5,19,8,5,4,2,2020,6
Georgia,7,11,17,11,5,13,2020,7
Cincinnati,10,54,26,9,14,5,2020,8
Iowa St.,8,7,15,14,10,16,2020,9
Northwestern,9,22,63,3,20,11,2020,10
BYU,14,69,3,25,13,6,2020,11
Indiana,13,25,62,6,16,15,2020,12
Florida,17,1,4,48,11,9,2020,13
Coastal Carolina,16,78,16,49,30,24,2020,14
Louisana,12,58,30,44,36,54,2020,15
Iowa,18,50,42,5,12,7,2020,16
Liberty,21,95,24,83,76,22,2020,17
North Carolina,34,42,7,76,26,25,2020,18
Texas,19,34,19,28,6,17,2020,19
Oklahoma St.,15,18,46,8,15,10,2020,20
USC,11,63,37,23,18,30,2020,21
Miami,20,32,22,42,25,43,2020,22
Ball State,24,98,43,47,66,35,2020,23
San Jose State,23,97,52,43,71,53,2020,24
Buffalo,31,112,23,57,40,28,2020,25
LSU,1,3,1,11,3,1,2019,1
Clemson,3,49,5,1,2,3,2019,2
Ohio State,2,8,2,4,1,2,2019,3
Georgia,4,12,22,2,5,6,2019,4
Oregon,8,28,20,8,6,9,2019,5
Florida,5,17,10,14,9,11,2019,6
Oklahoma,9,21,4,44,13,8,2019,7
Alabama,7,40,3,10,4,4,2019,8
Penn State,6,36,11,18,7,7,2019,9
Minnesota,11,50,7,39,18,16,2019,10
Wisconsin,14,10,8,7,8,5,2019,11
Notre Dame,10,35,26,5,50,10,2019,12
Baylor,16,46,31,9,17,19,2019,13
Auburn,12,2,40,3,10,12,2019,14
Iowa,15,31,52,12,15,17,2019,15
Utah,18,47,15,6,14,18,2019,16
Memphis,20,71,12,71,24,26,2019,17
Michigan,13,6,23,19,12,14,2019,18
Appalachian St.,17,110,37,22,29,21,2019,19
Navy,19,74,9,52,40,20,2019,20
Cincinnati,22,70,71,24,30,34,2019,21
Air Force,23,80,21,38,38,29,2019,22
Boise St.,24,89,33,30,28,48,2019,23
UCF,36,85,14,15,21,13,2019,24
Texas,26,14,16,49,20,24,2019,25
Clemson,1,22,4,1,1,2,2018,1
Alabama,2,21,2,2,2,1,2018,2
Ohio State,3,40,6,42,4,11,2018,3
Oklahoma,5,9,1,92,5,9,2018,4
Notre Dame,4,23,19,11,50,5,2018,5
LSU,6,10,29,10,16,4,2018,6
Florida,10,37,28,21,10,22,2018,7
Georgia,7,8,3,5,3,3,2018,8
Texas,13,4,24,34,18,6,2018,9
Washington State,11,53,5,64,17,21,2018,10
UCF,14,97,8,54,24,32,2018,11
Kentucky,8,38,52,19,25,23,2018,12
Washington,15,11,18,15,10,7,2018,13
Michigan,9,18,12,7,6,14,2018,14
Syracuse,16,63,43,23,28,8,2018,15
Texas A&M,12,14,27,59,12,15,2018,16
Penn State,20,31,37,22,7,19,2018,17
Fresno State,17,82,35,14,21,18,2018,18
Army,21,106,49,70,56,24,2018,19
West Virginia,24,3,7,40,14,10,2018,20
Northwestern,19,6,77,25,37,35,2018,21
Utah State,27,108,31,24,22,17,2018,22
Boise State,31,69,30,32,29,31,2018,23
Cincinnati,25,95,62,9,44,46,2018,24
Iowa,23,36,38,12,15,12,2018,25
Alabama,1,29,4,2,1,2,2017,1
Georgia,2,4,5,3,3,3,2017,2
Oklahoma,4,13,1,58,6,5,2017,3
Clemson,3,3,14,1,5,4,2017,4
Ohio State,7,32,6,7,2,7,2017,5
UCF,6,77,9,32,14,10,2017,6
Wisconsin,5,48,21,4,7,9,2017,7
Penn State,8,51,3,14,4,1,2017,8
TCU,9,30,28,13,11,13,2017,9
Auburn,11,9,20,6,9,6,2017,10
Notre Dame,10,2,12,10,50,8,2017,11
USC,12,5,24,27,15,16,2017,12
Miami,14,17,33,17,16,24,2017,13
Oklahoma State,15,35,2,42,10,12,2017,14
Michigan State,13,26,43,15,32,11,2017,15
Washington,19,52,10,16,8,15,2017,16
Northwestern,17,60,66,24,27,47,2017,17
LSU,20,44,15,29,13,22,2017,18
Mississippi State,18,41,45,8,18,23,2017,19
Stanford,22,6,11,54,12,18,2017,20
South Florida,31,108,39,35,44,30,2017,21
Boise State,30,76,37,36,41,38,2017,22
NC State,16,10,13,43,21,14,2017,23
Virginia Tech,24,58,62,11,17,27,2017,24
Memphis,28,78,17,67,30,39,2017,25
Clemson,2,9,3,8,2,2,2016,1
Alabama,1,1,24,1,1,1,2016,2
USC,8,7,12,25,10,6,2016,3
Washington,5,52,4,7,5,3,2016,4
Oklahoma,4,10,1,43,7,9,2016,5
Ohio State,3,20,25,2,4,5,2016,6
Penn State,9,37,22,35,13,36,2016,7
Florida State,6,2,5,12,8,11,2016,8
Wisconsin,7,25,34,6,12,8,2016,9
Michigan,12,53,17,3,3,7,2016,10
Oklahoma State,14,41,14,49,15,16,2016,11
Stanford,10,5,55,10,18,19,2016,12
LSU,16,3,18,5,6,4,2016,13
Florida,6,2,5,12,8,18,2016,14
Western Michigan,15,108,10,50,26,22,2016,15
Virginia Tech,19,44,49,11,23,35,2016,16
Colorado,11,18,39,9,19,12,2016,17
West Virginia,13,22,31,28,24,28,2016,18
South Florida,20,76,13,66,36,27,2016,19
Miami,21,26,30,14,14,14,2016,20
Louisville,25,58,6,15,9,21,2016,21
Tennessee,24,43,20,60,17,45,2016,22
Utah,27,51,64,29,33,37,2016,23
Auburn,23,16,35,17,11,13,2016,24
San Diego State,44,112,72,18,45,43,2016,25
Alabama,1,1,16,1,1,1,2015,1
Clemson,2,17,9,2,5,2,2015,2
Stanford,5,13,6,43,7,8,2015,3
Ohio State,4,57,24,7,3,5,2015,4
Oklahoma,3,26,12,5,2,6,2015,5
Michigan State,6,36,26,18,17,17,2015,6
TCU,7,42,28,23,10,32,2015,7
Houston,13,95,34,31,34,30,2015,8
Iowa,11,59,32,19,33,18,2015,9
Ole Miss,8,23,2,15,4,3,2015,10
Notre Dame,10,16,3,61,50,14,2015,11
Michigan,22,49,20,20,14,16,2015,12
Baylor,19,60,10,28,6,7,2015,13
Florida State,24,52,22,22,12,12,2015,14
North Carolina,20,53,7,51,15,11,2015,15
LSU,9,3,17,21,8,10,2015,16
Utah,15,29,63,4,27,13,2015,17
Navy,23,81,13,55,44,21,2015,18
Oregon,21,22,8,73,22,9,2015,19
Oklahoma State,12,38,21,42,23,43,2015,20
Wisconsin,27,66,53,13,25,28,2015,21
Tennessee,26,32,18,26,9,4,2015,22
Northwestern,17,41,102,6,62,37,2015,23
Western Kentucky,28,95,4,72,31,29,2015,24
Florida,14,18,71,11,29,22,2015,25
Ohio State,1,35,5,16,4,5,2014,1
Oregon,5,13,1,27,1,1,2014,2
TCU,4,45,15,3,3,2,2014,3
Alabama,2,4,7,7,2,3,2014,4
Florida State,3,24,12,42,14,26,2014,5
Michigan State,6,53,8,14,7,7,2014,6
Baylor,7,54,4,22,6,4,2014,7
Georgia Tech,13,25,2,59,21,19,2014,8
Georgia,11,20,3,26,5,6,2014,9
UCLA,8,1,17,39,11,14,2014,10
Mississippi State,10,44,10,18,10,10,2014,11
Arizona State,14,26,31,17,24,17,2014,12
Wisconsin,18,57,13,31,19,20,2014,13
Missouri,9,16,50,15,26,21,2014,14
Clemson,16,50,64,1,20,13,2014,15
Boise State,24,77,28,38,37,34,2014,16
Ole Miss,12,5,39,2,9,12,2014,17
Kansas State,19,39,18,37,18,18,2014,18
Arizona,15,22,34,34,25,37,2014,19
USC,22,8,19,53,13,9,2014,20
Utah,20,17,65,12,27,22,2014,21
Auburn,17,2,6,45,8,15,2014,22
Marshall,26,126,24,47,29,40,2014,23
Louisville,27,47,66,5,35,29,2014,24
Memphis,29,82,69,30,40,31,2014,25
Florida State,1,63,1,1,1,1,2013,1
Auburn,2,9,8,30,12,7,2013,2
Michigan State,3,55,52,3,20,14,2013,3
South Carolina,7,8,9,18,10,17,2013,4
Missouri,5,19,11,16,5,4,2013,5
Oklahoma,4,33,22,24,19,19,2013,6
Alabama,10,38,6,2,2,2,2013,7
Clemson,11,51,17,9,11,16,2013,8
Oregon,9,34,4,21,3,6,2013,9
UCF,8,73,15,59,34,27,2013,10
Stanford,6,3,12,10,5,3,2013,11
Ohio State,16,57,2,48,7,10,2013,12
Baylor,13,52,3,14,4,9,2013,13
LSU,14,26,7,39,15,11,2013,14
Louisville,19,103,19,8,21,8,2013,15
UCLA,12,18,13,25,14,12,2013,16
Oklahoma State,17,25,26,4,6,5,2013,17
Texas A&M,21,32,5,88,16,22,2013,18
USC,20,14,46,6,22,13,2013,19
Notre Dame,22,31,33,49,50,42,2013,20
Arizona State,15,1,14,19,8,20,2013,21
Wisconsin,27,50,21,13,17,15,2013,22
Duke,29,56,44,55,48,52,2013,23
Vanderbilt,25,48,73,34,51,47,2013,24
Washington,18,24,24,20,13,18,2013,25
Alabama,1,19,2,1,1,2,2012,1
Oregon,5,42,3,9,2,1,2012,2
Ohio State,3,58,20,30,17,18,2012,3
Notre Dame,2,15,25,10,50,10,2012,4
Georgia,10,33,5,26,4,6,2012,5
Texas A&M,8,11,1,15,3,3,2012,6
Stanford,7,18,45,5,13,12,2012,7
South Carolina,9,25,23,6,11,8,2012,8
Florida,4,12,60,2,12,20,2012,9
Florida State,14,63,13,3,5,4,2012,10
Clemson,13,57,6,54,14,16,2012,11
Kansas State,6,16,10,21,9,7,2012,12
Louisville,16,69,16,60,50,43,2012,13
LSU,12,29,51,11,10,9,2012,14
Oklahoma,11,3,9,33,6,11,2012,15
Utah State,20,92,29,14,32,5,2012,16
Northwestern,19,48,39,43,41,14,2012,17
Boise State,24,104,43,18,37,15,2012,18
Texas,15,10,11,49,18,28,2012,19
Oregon State,17,7,28,16,20,13,2012,20
San Jose State,21,89,33,42,56,47,2012,21
Northern Illinois,27,122,36,56,38,48,2012,22
Vanderbilt,22,44,52,24,26,25,2012,23
Michigan,26,35,19,45,16,29,2012,24
Nebraska,18,21,24,34,24,42,2012,25
Alabama,3,24,9,1,1,1,2011,1
LSU,1,8,11,2,2,3,2011,2
Oklahoma State,2,4,3,9,3,2,2011,3
Oregon,4,14,4,11,4,6,2011,4
Arkansas,5,39,15,33,12,13,2011,5
USC,6,17,10,25,9,4,2011,6
Stanford,7,21,5,22,5,7,2011,7
Boise State,9,73,7,13,8,5,2011,8
South Carolina,11,32,37,12,18,21,2011,9
Wisconsin,16,50,1,48,7,11,2011,10
Michigan State,10,34,43,6,20,12,2011,11
Michigan,14,41,14,16,10,16,2011,12
Baylor,12,19,2,94,22,18,2011,13
TCU,17,84,12,35,19,19,2011,14
Kansas State,8,12,39,31,35,20,2011,15
Oklahoma,13,9,19,4,6,9,2011,16
West Virginia,22,63,21,44,27,48,2011,17
Houston,15,109,6,62,17,28,2011,18
Georgia,18,28,32,5,14,10,2011,19
Southern Mississippi,20,95,50,18,33,17,2011,20
Virginia Tech,25,58,27,24,23,26,2011,21
Clemson,27,43,31,61,34,54,2011,22
Florida State,31,52,55,14,15,14,2011,23
Nebraska,24,35,29,43,25,22,2011,24
Cincinnati,28,70,48,21,32,42,2011,25
Auburn,1,7,1,45,7,7,2010,1
TCU,4,79,10,4,5,4,2010,2
Oregon,3,24,7,5,1,9,2010,3
Stanford,2,17,2,12,6,1,2010,4
Ohio State,6,59,9,1,4,8,2010,5
Oklahoma,7,18,17,8,8,5,2010,6
Wisconsin,13,72,6,35,11,13,2010,7
LSU,5,11,34,14,14,11,2010,8
Boise State,11,84,3,2,2,2,2010,9
Alabama,9,10,4,6,3,3,2010,10
Nevada,10,91,5,64,27,23,2010,11
Arkansas,8,14,8,20,9,6,2010,12
Oklahoma State,15,47,14,27,12,15,2010,13
Michigan State,12,54,25,47,39,33,2010,14
Mississippi State,17,25,43,29,23,17,2010,15
Virginia Tech,14,37,12,31,10,20,2010,16
Florida State,16,9,15,32,13,16,2010,17
Missouri,18,43,30,10,16,18,2010,18
Texas A&M,21,23,60,11,19,31,2010,19
Nebraska,22,49,35,7,18,12,2010,20
UCF,34,109,41,40,42,30,2010,21
South Carolina,19,5,13,16,15,10,2010,22
Maryland,26,55,50,28,38,32,2010,23
Tulsa,28,93,31,72,56,43,2010,24
NC State,23,28,39,17,25,14,2010,25
Alabama,1,5,6,1,3,1,2009,1
Texas,3,29,24,2,2,4,2009,2
Florida,2,20,4,5,1,2,2009,3
Boise State,4,95,12,9,10,3,2009,4
Ohio State,9,50,39,7,7,6,2009,5
TCU,6,72,19,8,6,5,2009,6
Iowa,7,37,86,10,23,33,2009,7
Cincinnati,5,59,1,56,22,11,2009,8
Penn State,12,64,16,11,8,10,2009,9
Virginia Tech,11,17,7,14,5,7,2009,10
Oregon,10,7,18,23,9,16,2009,11
BYU,14,73,14,43,27,30,2009,12
Georgia Tech,8,6,2,72,14,20,2009,13
Nebraska,15,34,82,4,11,9,2009,14
Pittsburgh,23,57,9,40,19,14,2009,15
Wisconsin,22,62,22,33,30,22,2009,16
LSU,13,16,45,22,12,12,2009,17
Utah,25,82,73,16,39,48,2009,18
Miami,16,9,33,29,18,31,2009,19
Ole Miss,24,47,58,13,17,24,2009,20
Texas Tech,19,51,35,30,16,19,2009,21
USC,17,15,34,26,13,15,2009,22
Central Michigan,21,101,15,54,23,36,2009,23
Clemson,29,23,46,21,20,29,2009,24
West Virginia,31,54,47,34,37,32,2009,25
Florida,2,9,2,3,1,2,2008,1
Utah,5,74,21,18,12,12,2008,2
USC,3,7,3,2,2,3,2008,3
Texas,1,17,4,10,4,4,2008,4
Oklahoma,4,2,1,6,3,1,2008,5
Alabama,6,28,17,4,9,5,2008,6
TCU,12,77,34,1,11,9,2008,7
Penn State,8,40,5,17,5,6,2008,8
Ohio State,9,24,25,15,6,8,2008,9
Oregon,10,20,12,31,8,15,2008,10
Boise State,11,115,22,11,16,7,2008,11
Texas Tech,7,34,6,49,7,10,2008,12
Georgia,13,11,11,56,14,17,2008,13
Ole Miss,19,42,15,23,20,13,2008,14
Virginia Tech,23,39,63,8,29,23,2008,15
Oklahoma State,15,43,7,48,15,11,2008,16
Cincinnati,16,63,55,24,39,24,2008,17
Oregon State,14,4,23,22,21,18,2008,18
Missouri,18,32,10,44,10,14,2008,19
Iowa,28,58,32,14,13,19,2008,20
Florida State,25,47,41,39,19,26,2008,21
Georgia Tech,22,33,37,35,51,25,2008,22
West Virginia,32,55,30,46,24,46,2008,23
Michigan State,17,18,62,26,39,29,2008,24
BYU,26,85,13,81,27,33,2008,25
LSU,3,15,10,9,3,9,2007,1
Georgia,5,13,15,26,13,17,2007,2
USC,4,19,16,2,2,2,2007,3
Missouri,1,23,2,25,6,1,2007,4
Ohio State,6,46,24,4,8,4,2007,5
West Virginia,7,45,5,8,4,3,2007,6
Kansas,2,71,11,7,9,6,2007,7
Oklahoma,8,38,8,12,1,7,2007,8
Virginia Tech,10,42,62,5,10,11,2007,9
Boston College,14,49,35,20,32,21,2007,10
Texas,13,41,23,31,11,24,2007,11
Tennessee,11,10,21,40,20,18,2007,12
Florida,19,16,1,60,5,5,2007,13
BYU,15,60,22,19,22,12,2007,14
Auburn,18,31,46,15,18,15,2007,15
Arizona State,9,12,36,14,16,37,2007,16
Cincinnati,21,63,40,10,19,13,2007,17
Michigan,20,32,52,16,24,34,2007,18
Hawaii,16,112,14,49,39,54,2007,19
Illinois,22,39,29,33,35,16,2007,20
Clemson,30,53,18,21,12,14,2007,21
Texas Tech,24,67,6,61,15,31,2007,22
Oregon,17,3,7,24,7,10,2007,23
Wisconsin,26,56,20,65,28,44,2007,24
Oregon State,12,5,66,1,31,8,2007,25
Florida,1,9,13,10,6,4,2006,1
Ohio State,2,20,5,5,1,1,2006,2
LSU,9,50,4,13,3,8,2006,3
USC,3,1,9,9,2,3,2006,4
Boise State,4,93,10,21,20,9,2006,5
Louisville,6,55,6,14,5,6,2006,6
Wisconsin,7,73,41,8,19,11,2006,7
Michigan,5,13,24,6,7,2,2006,8
Auburn,8,31,33,26,12,19,2006,9
West Virginia,14,62,2,76,10,13,2006,10
Oklahoma,10,16,38,3,11,10,2006,11
Rutgers,12,59,29,4,21,12,2006,12
Texas,15,40,16,18,4,16,2006,13
California,11,8,7,25,8,7,2006,14
Arkansas,18,19,21,22,14,17,2006,15
BYU,16,70,3,32,9,5,2006,16
Notre Dame ,13,18,12,45,50,30,2006,17
Wake Forest,19,46,49,39,44,29,2006,18
Virginia Tech,23,63,61,1,18,20,2006,19
Boston College,21,42,46,11,24,23,2006,20
Oregon State,45,39,31,35,34,21,2006,21
TCU,24,88,37,2,23,18,2006,22
Georgia,26,49,66,12,31,28,2006,23
Penn State,22,35,68,7,22,31,2006,24
Tennessee,20,7,14,44,15,15,2006,25
Texas,1,25,2,1,1,2,2005,1
USC,2,1,1,6,2,1,2005,2
Penn State,3,21,14,3,5,4,2005,3
Ohio State,4,12,15,2,3,3,2005,4
West Virginia,5,60,10,24,21,9,2005,5
LSU,7,26,37,11,6,8,2005,6
Virginia Tech,9,35,12,9,4,10,2005,7
Alabama,10,49,45,4,16,18,2005,8
Notre Dame,12,8,4,28,50,5,2005,9
Georgia,14,30,19,22,7,13,2005,10
TCU,11,71,53,14,34,27,2005,11
Florida,15,29,30,20,15,12,2005,12
Oregon,6,10,21,13,13,7,2005,13
Auburn,18,61,7,25,9,16,2005,14
Wisconsin,13,40,20,45,24,19,2005,15
UCLA,8,19,8,72,25,48,2005,16
Miami,16,45,36,5,11,15,2005,17
Boston College,17,31,38,12,22,24,2005,18
Louisville,26,69,3,48,8,6,2005,19
Texas Tech,20,66,9,42,12,20,2005,20
Clemson,27,33,16,41,27,23,2005,21
Oklahoma,19,16,52,10,26,14,2005,22
Florida State,23,23,68,18,23,29,2005,23
Nebraska,30,46,78,29,46,52,2005,24
California,24,56,35,27,19,22,2005,25
Indiana,1,10,3,2,1,1,2025,1
Miami,3,7,12,4,5,4,2025,2
Ole Miss,6,31,8,49,9,8,2025,3
Oregon,2,6,6,6,4,2,2025,4
Ohio State,4,20,5,3,2,3,2025,5
Georgia,5,17,11,15,7,7,2025,6
Texas Tech,11,46,35,1,6,5,2025,7
Texas A&M,7,18,16,10,12,9,2025,8
Alabama,9,2,18,9,10,11,2025,9
Notre Dame,13,47,2,7,3,6,2025,10
BYU,8,29,19,14,17,17,2025,11
Texas,10,9,34,11,11,16,2025,12
Oklahoma,12,14,59,5,15,10,2025,13
Utah,15,60,7,25,8,12,2025,14
Vanderbilt,14,28,1,54,14,18,2025,15
Virginia,23,76,54,21,36,32,2025,16
Iowa,16,16,43,8,18,13,2025,17
Tulane,22,65,46,52,54,31,2025,18
James Madison,21,82,42,31,27,44,2025,19
USC,20,30,4,53,13,21,2025,20
Michigan,19,24,17,37,20,15,2025,21
Houston,24,70,45,42,50,56,2025,22
Navy,17,75,30,89,68,60,2025,23
North Texas,26,109,9,68,41,37,2025,24
TCU,27,50,33,41,32,24,2025,25
